{"cameraMode":{"drawMode":0,"name":"Shaded","section":"Shading Mode"},"sceneLighting":false,"audioPlay":false,"sceneViewState":{"m_AlwaysRefresh":false,"showFog":true,"showSkybox":true,"showFlares":true,"showImageEffects":true,"showParticleSystems":true,"showVisualEffectGraphs":true,"m_FxEnabled":false},"in2DMode":false,"pivot":{"x":-0.000005247071385383606,"y":0.000024242792278528214,"z":-0.00000921660102903843},"rotation":{"x":-0.08095496892929077,"y":-0.4262010455131531,"z":-0.038329336792230609,"w":0.9001858830451965},"size":0.003083747113123536,"orthographic":false}