{"cameraMode":{"drawMode":0,"name":"Shaded","section":"Shading Mode"},"sceneLighting":false,"audioPlay":false,"sceneViewState":{"m_AlwaysRefresh":false,"showFog":true,"showSkybox":false,"showFlares":true,"showImageEffects":true,"showParticleSystems":true,"showVisualEffectGraphs":true,"m_FxEnabled":false},"in2DMode":false,"pivot":{"x":-1.698233723640442,"y":15.73072624206543,"z":-34.02045822143555},"rotation":{"x":-0.2145606130361557,"y":-0.02432236634194851,"z":0.005343785975128412,"w":-0.9763970375061035},"size":0.008660254068672657,"orthographic":false}